Date,Actual_Price,Predicted_Price
2022-08-25,21565.399999999998,18759.572841948077
2022-08-26,20249.899999999987,18654.14842723596
2022-08-27,20033.899999999998,18552.462211145572
2022-08-28,19550.20000000001,18494.235282973128
2022-08-29,20295.80000000001,18454.293505531055
2022-08-30,19792.59999999999,18255.02406263032
2022-08-31,20043.900000000005,18158.767706389182
2022-09-01,20126.100000000013,18056.05017736873
2022-09-02,19952.70000000001,18329.549132961267
2022-09-03,19831.4,18651.739432642633
2022-09-04,19999.899999999983,18991.35634378297
2022-09-05,19793.099999999984,19406.472099530223
2022-09-06,18786.40000000001,19417.944374544313
2022-09-07,19281.500000000004,19393.650877412096
2022-09-08,19317.399999999998,19266.3999030663
2022-09-09,21365.2,19168.68798793774
2022-09-10,21650.400000000016,19096.27736920842
2022-09-11,21834.89999999999,18904.95556852654
2022-09-12,22395.300000000007,18683.607233371535
2022-09-13,20175.49999999998,18374.702722691607
2022-09-14,20222.50000000002,18033.922421598134
2022-09-15,19701.70000000001,17876.80618503565
2022-09-16,19802.4,17809.68669276703
2022-09-17,20113.5,17696.712078842127
2022-09-18,19418.799999999985,17593.30177607462
2022-09-19,19538.89999999999,17571.21820893275
2022-09-20,18872.4,17530.630442274647
2022-09-21,18488.99999999999,17578.015896175944
2022-09-22,19403.99999999999,17656.39055074295
2022-09-23,19293.500000000004,17723.720937288326
2022-09-24,18925.200000000008,17772.29174926697
2022-09-25,18803.199999999983,17739.763011891017
2022-09-26,19225.7,17806.782398275565
2022-09-27,19080.999999999996,18003.457555897545
2022-09-28,19411.000000000004,18162.16832747377
2022-09-29,19592.999999999996,18256.742370315016
2022-09-30,19423.000000000007,18268.14917097181
2022-10-01,19311.899999999983,18236.941659856893
2022-10-02,19052.199999999997,18199.98250921384
2022-10-03,19628.299999999985,18115.869169699094
2022-10-04,20340.200000000008,18022.193317333073
2022-10-05,20157.50000000002,17954.51714189203
2022-10-06,19956.700000000008,17914.085672137706
2022-10-07,19531.3,17832.50829010679
2022-10-08,19414.99999999998,17753.181503942094
2022-10-09,19441.00000000001,17725.843366265046
2022-10-10,19134.599999999988,17769.696783590858
2022-10-11,19059.09999999999,17783.212007333063
2022-10-12,19154.799999999992,17760.67452731424
2022-10-13,19379.799999999992,17732.45900331877
2022-10-14,19181.8,17725.367124042048
2022-10-15,19068.7,17722.952779049345
2022-10-16,19261.899999999987,17777.54850280266
2022-10-17,19548.200000000004,17798.52852832031
2022-10-18,19328.20000000001,17946.279885567743
2022-10-19,19123.90000000001,18199.603100842345
2022-10-20,19042.90000000001,18353.114516231974
2022-10-21,19162.6,18546.117478564498
2022-10-22,19204.80000000001,18760.264285835718
2022-10-23,19571.199999999983,18919.948850750567
2022-10-24,19331.500000000004,19026.37365944329
2022-10-25,20082.70000000001,19104.73551003508
2022-10-26,20769.499999999996,19096.885219983567
2022-10-27,20292.90000000001,19090.325660698996
2022-10-28,20594.400000000016,19211.879301105473
2022-10-29,20809.79999999998,19340.17070999261
2022-10-30,20626.300000000007,19413.465143860773
2022-10-31,20496.300000000003,19411.535327523306
2022-11-01,20483.500000000004,19050.478840290452
2022-11-02,20154.399999999998,18252.49025986237
2022-11-03,20206.400000000005,17772.950359276598
2022-11-04,21145.899999999983,17257.054137884694
2022-11-05,21301.60000000001,16762.531682937508
2022-11-06,20916.299999999992,16245.283006914513
2022-11-07,20589.000000000004,15817.053602280877
2022-11-08,18527.399999999998,15512.102851634041
2022-11-09,15886.900000000012,15233.334032168357
2022-11-10,17589.100000000006,15051.470936847749
2022-11-11,17049.9,14967.539909942348
2022-11-12,16795.199999999986,14988.523311852765
2022-11-13,16324.499999999998,14886.653880488422
2022-11-14,16613.699999999986,14724.895135086383
2022-11-15,16895.100000000002,14654.032686613256
2022-11-16,16540.49999999999,14677.886406153306
2022-11-17,16691.20000000001,14694.693240891793
2022-11-18,16638.29999999999,14692.919165505522
2022-11-19,16699.199999999997,14696.016619856975
2022-11-20,16286.699999999988,14690.353936049163
2022-11-21,15776.19999999999,14652.245386434508
2022-11-22,16212.899999999994,14653.649518006496
2022-11-23,16623.899999999987,14793.522335064408
2022-11-24,16601.199999999997,14910.172627113345
2022-11-25,16512.299999999996,15020.283364321047
2022-11-26,16456.500000000007,15072.047760511388
2022-11-27,16425.600000000006,15155.408330310798
2022-11-28,16211.699999999992,15208.384944307072
2022-11-29,16440.399999999994,15273.833591343922
2022-11-30,17163.90000000001,15286.572599018713
2022-12-01,16972.0,15361.680771539104
2022-12-02,17093.599999999995,15403.824096144228
2022-12-03,16884.5,15418.45261751339
2022-12-04,17112.60000000001,15432.332106246828
2022-12-05,16966.500000000007,15460.403826632628
2022-12-06,17089.300000000003,15589.985293557504
2022-12-07,16835.200000000004,15710.735805902135
2022-12-08,17225.7,15751.515433301101
2022-12-09,17125.69999999999,15653.321375958527
2022-12-10,17127.200000000004,15581.16736662896
2022-12-11,17093.3,15491.46437470416
2022-12-12,17210.400000000012,15359.778521502889
2022-12-13,17778.599999999988,15315.403443462259
2022-12-14,17796.399999999994,15270.25348898815
2022-12-15,17356.100000000013,15228.719631528613
2022-12-16,16629.60000000001,15174.225304400275
2022-12-17,16777.100000000013,15143.7484933683
2022-12-18,16741.1,15136.86945652034
2022-12-19,16441.299999999996,15170.072010178621
2022-12-20,16902.8,15159.795845303139
2022-12-21,16831.79999999999,15121.161251771351
2022-12-22,16820.60000000001,15105.579913034202
2022-12-23,16779.099999999988,15071.476974723202
2022-12-24,16837.199999999986,15031.948462300006
2022-12-25,16831.79999999999,15010.639645681014
2022-12-26,16918.099999999995,15004.48987543401
2022-12-27,16706.099999999988,15000.191395654885
2022-12-28,16546.2,15029.74146152239
2022-12-29,16636.400000000012,15055.164588909047
2022-12-30,16607.200000000004,15107.667522379932
2022-12-31,16537.40000000001,15160.243331525438
2023-01-01,16618.4,15234.2052599226
2023-01-02,16674.299999999992,15313.329497829032
2023-01-03,16674.199999999997,15430.340448701674
2023-01-04,16852.100000000006,15620.354427543676
2023-01-05,16829.800000000003,15950.226497024072
2023-01-06,16950.899999999998,16442.39914324202
2023-01-07,16943.6,17070.81226362064
2023-01-08,17118.999999999993,17637.46346516533
2023-01-09,17180.099999999984,18187.741374690075
2023-01-10,17439.100000000002,18661.12569561759
2023-01-11,17942.300000000007,18978.587667978514
2023-01-12,18851.30000000001,19295.48917787358
2023-01-13,19927.00000000001,19813.886243910634
2023-01-14,20958.20000000002,20277.215548812706
2023-01-15,20879.79999999999,20642.09248120666
2023-01-16,21184.2,20957.616022032824
2023-01-17,21137.099999999988,21154.72569769821
2023-01-18,20670.600000000013,21391.544424597087
2023-01-19,21081.200000000008,21581.395181701384
2023-01-20,22677.20000000001,21751.001233248673
2023-01-21,22775.699999999983,21893.610682078965
2023-01-22,22707.800000000007,22113.239214578203
2023-01-23,22915.49999999999,22111.05663898761
2023-01-24,22632.49999999998,22142.593965098673
2023-01-25,23055.10000000001,22270.544369353287
2023-01-26,23016.000000000025,22335.968985644806
2023-01-27,23074.600000000017,22399.382591878766
2023-01-28,23027.900000000005,22421.663036352275
2023-01-29,23753.099999999988,22373.853165713652
2023-01-30,22832.20000000002,22290.558072833068
2023-01-31,23125.09999999998,22291.31118138917
2023-02-01,23725.60000000001,22229.019071038296
2023-02-02,23427.59999999999,22004.071038268634
2023-02-03,23431.20000000001,21747.733943320833
2023-02-04,23323.8,21531.06544053166
2023-02-05,22936.000000000004,21339.697476169607
2023-02-06,22761.800000000003,21174.007313702692
2023-02-07,23251.70000000001,21110.759079709118
2023-02-08,22964.6,21439.278751175436
2023-02-09,21792.5,21650.735617466544
2023-02-10,21635.000000000004,22009.741961052885
2023-02-11,21859.8,22371.364664436715
2023-02-12,21786.8,22677.64618424906
2023-02-13,21772.60000000001,23029.11363278805
2023-02-14,22198.499999999985,23261.04379041476
2023-02-15,24327.899999999983,23403.027880617985
2023-02-16,23539.60000000001,23460.261765118667
2023-02-17,24573.50000000001,23348.2278907919
2023-02-18,24631.40000000001,23156.804173778677
2023-02-19,24302.899999999998,23064.69711863468
2023-02-20,24839.5,22945.028411712105
2023-02-21,24450.699999999983,22784.484827212305
2023-02-22,24186.599999999984,22738.129345148078
2023-02-23,23936.29999999998,22666.841829667366
2023-02-24,23191.49999999998,22440.326458998643
2023-02-25,23166.10000000002,22234.76667761822
2023-02-26,23558.7,22069.741068459465
2023-02-27,23494.10000000001,21941.96233836192
2023-02-28,23130.50000000001,21795.155126676134
2023-03-01,23642.199999999983,21572.784647838318
2023-03-02,23465.400000000016,21149.14565920095
2023-03-03,22354.400000000016,20729.674347126904
2023-03-04,22347.100000000013,20388.714110139204
2023-03-05,22428.299999999985,20360.174216612704
2023-03-06,22409.999999999996,20761.636272675136
2023-03-07,22197.80000000001,21275.187689364437
2023-03-08,21710.80000000001,21699.53135284221
2023-03-09,20361.799999999992,22210.290533608208
2023-03-10,20156.7,23082.971203911664
2023-03-11,20467.50000000001,23828.220175080976
2023-03-12,21994.799999999985,24689.555414933915
2023-03-13,24114.40000000001,25403.146345486362
2023-03-14,24699.700000000008,26052.527106683632
2023-03-15,24282.7,26409.839337989248
2023-03-16,25004.100000000013,26796.354396537652
2023-03-17,27391.80000000002,26970.79480277591
2023-03-18,26914.5,27105.01870425429
2023-03-19,27958.70000000001,27257.17111313333
2023-03-20,27720.499999999975,27179.061308800054
2023-03-21,28114.000000000007,27129.499871778553
2023-03-22,27261.7,27230.151099189377
2023-03-23,28310.69999999999,27293.37487390306
2023-03-24,27462.19999999998,27416.337180418475
2023-03-25,27475.599999999977,27556.190490239343
2023-03-26,27973.5,27611.259512648478
2023-03-27,27129.80000000001,27616.011141861003
2023-03-28,27262.20000000001,27666.611526044493
2023-03-29,28350.4,27697.699201113704
2023-03-30,28029.5,27723.0593746179
2023-03-31,28473.699999999983,27711.768031848074
2023-04-01,28456.099999999984,27670.133852044866
2023-04-02,28198.3,27706.26985810235
2023-04-03,27802.099999999988,27950.48095393279
2023-04-04,28164.4,28289.671944097252
2023-04-05,28173.5,28566.333777547363
2023-04-06,28036.70000000001,28904.83289390187
2023-04-07,27910.399999999987,29211.331475529652
2023-04-08,27941.20000000001,29451.282871897325
2023-04-09,28326.599999999977,29656.6687587344
2023-04-10,29640.999999999996,29682.96184874128
2023-04-11,30209.600000000013,29826.788879490116
2023-04-12,29886.40000000002,29680.148926941
2023-04-13,30387.399999999998,29388.165975747754
2023-04-14,30472.5,28932.428997761876
2023-04-15,30299.60000000002,28603.581219106134
2023-04-16,30310.299999999974,28265.561524521603
2023-04-17,29434.899999999983,27958.278938974836
2023-04-18,30382.2,27833.918918007137
2023-04-19,28813.69999999999,27775.032998424136
2023-04-20,28240.499999999985,27945.85028816671
2023-04-21,27264.799999999985,28082.999954039984
2023-04-22,27813.90000000001,28254.627901517946
2023-04-23,27591.400000000027,28428.976675754384
2023-04-24,27509.29999999998,28413.017425175633
2023-04-25,28298.799999999977,28449.459943775502
2023-04-26,28424.600000000024,28536.70839459826
2023-04-27,29475.900000000016,28581.885935321043
2023-04-28,29321.799999999974,28702.11246834205
2023-04-29,29234.09999999999,28705.210765132833
2023-04-30,29252.10000000002,28602.203318440836
2023-05-01,28077.599999999995,28385.793174676517
2023-05-02,28669.099999999988,28176.445131359702
2023-05-03,29023.59999999999,27979.656400515174
2023-05-04,28842.099999999988,27732.864411813436
2023-05-05,29513.200000000023,27455.832604276406
2023-05-06,28857.099999999977,27194.18783176331
2023-05-07,28424.80000000002,26996.725522297853
2023-05-08,27670.499999999996,26862.150976934547
2023-05-09,27634.900000000016,26758.728848926465
2023-05-10,27603.29999999998,26752.919632448375
2023-05-11,26983.50000000001,26689.335891538733
2023-05-12,26799.20000000001,26641.367373301757
2023-05-13,26777.5,26641.15918580345
2023-05-14,26920.00000000001,26603.487221289462
2023-05-15,27183.899999999987,26585.370159824335
2023-05-16,27035.300000000003,26629.604669372882
2023-05-17,27403.1,26522.93382325714
2023-05-18,26827.999999999996,26433.469278007833
2023-05-19,26882.900000000016,26395.818131623862
2023-05-20,27116.2,26382.609459693438
2023-05-21,26749.899999999998,26595.220940006107
2023-05-22,26847.299999999992,26751.060387955735
2023-05-23,27220.70000000001,26881.73193255529
2023-05-24,26328.399999999987,26929.35219042683
2023-05-25,26475.800000000007,26892.71058626136
2023-05-26,26711.499999999975,26906.790922989498
2023-05-27,26857.50000000002,26913.7391035815
2023-05-28,28071.19999999999,26914.665170577744
2023-05-29,27739.40000000001,26676.521709160665
2023-05-30,27698.200000000023,26679.62690625876
2023-05-31,27216.099999999995,26518.626693688762
2023-06-01,26818.99999999998,26410.997929331195
2023-06-02,27244.700000000008,26320.553655213327
2023-06-03,27072.000000000004,26154.895430310855
2023-06-04,27122.3,26025.75345457057
2023-06-05,25747.400000000016,25895.74046793054
2023-06-06,27230.200000000004,25794.675313302076
2023-06-07,26342.49999999999,25577.775247558006
2023-06-08,26501.09999999999,25490.757117094476
2023-06-09,26479.30000000001,25500.867256055273
2023-06-10,25844.000000000025,25586.39707419719
2023-06-11,25928.39999999999,25643.766601107505
2023-06-12,25906.8,25785.875407730437
2023-06-13,25929.4,26183.470504830395
2023-06-14,25129.50000000001,26840.044942528304
2023-06-15,25591.30000000001,27442.247593908618
2023-06-16,26341.3,28112.488751710178
2023-06-17,26514.999999999985,28707.71426717352
2023-06-18,26339.69999999999,29192.029141530475
2023-06-19,26845.89999999998,29543.103696571583
2023-06-20,28307.70000000001,29888.717368957157
2023-06-21,29996.90000000002,30075.55188205045
2023-06-22,29890.5,30248.672381808094
2023-06-23,30679.4,30345.68469463523
2023-06-24,30533.60000000002,30394.49843090259
2023-06-25,30465.3,30445.273843186704
2023-06-26,30266.99999999997,30556.42586652549
2023-06-27,30689.099999999988,30607.683916883274
2023-06-28,30078.60000000001,30611.21421820062
2023-06-29,30445.700000000023,30515.097409267706
2023-06-30,30472.90000000001,30474.428204228927
2023-07-01,30586.8,30445.559792313587
2023-07-02,30617.70000000001,30387.999006680053
2023-07-03,31151.299999999985,30374.789507868547
2023-07-04,30768.399999999987,30398.711109488257
2023-07-05,30512.800000000007,30388.33637488028
2023-07-06,29913.1,30543.904239647694
2023-07-07,30346.399999999976,30527.761314525742
2023-07-08,30288.8,30505.882341427146
2023-07-09,30166.89999999998,30485.719062762262
2023-07-10,30415.299999999977,30433.243560200455
2023-07-11,30623.299999999992,30338.845169501124
2023-07-12,30387.299999999992,30257.78900975144
2023-07-13,31466.10000000001,30158.512633948623
2023-07-14,30317.40000000001,30081.33305957129
2023-07-15,30291.399999999987,30005.648811736
2023-07-16,30235.49999999998,29962.823341264644
2023-07-17,30139.7,29821.318241385583
2023-07-18,29866.799999999992,29694.785174706805
2023-07-19,29909.70000000002,29602.140201459246
2023-07-20,29800.99999999997,29505.87879631824
2023-07-21,29903.10000000001,29444.64814132231
2023-07-22,29788.899999999976,29399.583077320553
2023-07-23,30085.900000000023,29355.76251024368
2023-07-24,29178.1,29309.631060031294
2023-07-25,29228.59999999999,29354.557698062497
2023-07-26,29352.199999999997,29310.612442949896
2023-07-27,29222.700000000023,29296.778004400738
2023-07-28,29315.0,29266.316396050614
2023-07-29,29353.499999999975,29227.05565519698
2023-07-30,29281.69999999998,29196.577185550523
2023-07-31,29232.400000000016,29187.103634992913
2023-08-01,29712.19999999997,29274.867895816147
2023-08-02,29173.700000000023,29334.004203224205
2023-08-03,29189.300000000017,29369.031310538325
2023-08-04,29105.499999999996,29382.061938472616
2023-08-05,29068.099999999977,29409.90313856824
2023-08-06,29081.30000000001,29411.163668079513
2023-08-07,29204.19999999998,29430.91997599118
2023-08-08,29777.399999999976,29409.827600946905
2023-08-09,29577.999999999996,29307.885646639348
2023-08-10,29449.000000000007,28860.7961266106
2023-08-11,29420.79999999998,28314.274263055486
2023-08-12,29428.199999999983,27819.923743539424
2023-08-13,29300.09999999998,27395.348288846046
2023-08-14,29426.699999999997,27016.276728924895
2023-08-15,29195.299999999985,26680.583247328654
2023-08-16,28726.3,26472.475745056083
2023-08-17,26635.69999999998,26271.544010884303
2023-08-18,26053.200000000008,26104.08992320938
2023-08-19,26099.40000000001,25982.206900493144
2023-08-20,26190.800000000007,25958.73989318233
2023-08-21,26126.00000000001,25960.156593153286
2023-08-22,26039.899999999983,26226.669915495993
2023-08-23,26436.20000000001,26417.84104389814
2023-08-24,26176.99999999998,26368.96341025489
2023-08-25,26057.200000000004,26282.29293832472
2023-08-26,26017.10000000001,26189.93043367117
2023-08-27,26100.599999999977,26125.62540874589
2023-08-28,26118.899999999987,26045.525190767235
2023-08-29,27723.899999999987,25965.310243068292
2023-08-30,27298.799999999985,25883.707820231
2023-08-31,25937.300000000007,25892.84850878331
2023-09-01,25803.2,25815.05858828442
2023-09-02,25869.699999999983,25768.200281601345
2023-09-03,25970.999999999985,25760.813038804394
2023-09-04,25823.300000000003,25645.092019009866
2023-09-05,25790.199999999983,25638.715349660586
2023-09-06,25757.99999999999,25700.832303120358
2023-09-07,26249.800000000003,25821.196590447722
2023-09-08,25909.5,25951.303478826903
2023-09-09,25901.10000000002,26066.41595076595
2023-09-10,25840.20000000002,26151.045935354243
2023-09-11,25166.399999999987,26274.796355820996
2023-09-12,25834.500000000025,26459.905532233486
2023-09-13,26223.00000000001,26616.513365231025
2023-09-14,26524.69999999999,26677.141399020653
2023-09-15,26600.999999999975,26695.341290411874
2023-09-16,26562.0,26690.29691363346
2023-09-17,26529.099999999984,26618.298135301113
2023-09-18,26763.499999999975,26552.668748236396
2023-09-19,27209.199999999983,26478.78065606509
2023-09-20,27125.00000000001,26436.1391796281
2023-09-21,26569.99999999999,26503.73172049241
2023-09-22,26581.89999999998,26549.28575731918
2023-09-23,26579.200000000008,26610.753673325264
2023-09-24,26251.500000000007,26854.387269621006
2023-09-25,26302.70000000002,27010.92923591585
2023-09-26,26218.90000000001,27135.775432489158
2023-09-27,26366.09999999998,27309.785341910923
2023-09-28,27022.599999999988,27397.74782573861
2023-09-29,26909.799999999992,27552.214146807382
2023-09-30,26962.700000000023,27686.842345964058
2023-10-01,27974.500000000004,27777.766845195893
2023-10-02,27505.30000000001,27800.86625092776
2023-10-03,27428.39999999999,27777.237548438465
2023-10-04,27790.899999999998,27634.88039324435
2023-10-05,27410.300000000017,27492.011656207327
2023-10-06,27936.900000000016,27375.67676115994
2023-10-07,27961.1,27260.214896427435
2023-10-08,27922.69999999999,27222.40758858821
2023-10-09,27581.399999999998,27406.595267959998
2023-10-10,27390.99999999998,27584.93306444671
2023-10-11,26876.600000000017,27747.437303887065
2023-10-12,26761.1,27974.121715174828
2023-10-13,26863.499999999975,28344.599038831177
2023-10-14,26852.799999999992,28740.46226844762
2023-10-15,27161.20000000002,29107.551350460722
2023-10-16,28509.70000000001,29922.78482443827
2023-10-17,28403.599999999984,30824.306309445426
2023-10-18,28321.700000000023,31726.08041292832
2023-10-19,28723.000000000004,32436.284741740346
2023-10-20,29674.499999999975,33008.393769852366
2023-10-21,29912.900000000005,33512.19232142622
2023-10-22,29984.200000000004,33984.58609331679
2023-10-23,33041.800000000025,34341.13723022818
2023-10-24,33917.00000000002,34646.89542129718
2023-10-25,34496.8,35011.25669778995
2023-10-26,34153.7,35164.02772993474
2023-10-27,33901.8,35232.28674403818
2023-10-28,34082.59999999999,35325.02593927798
2023-10-29,34526.69999999999,35409.824474167945
2023-10-30,34477.89999999998,35490.22834260754
2023-10-31,34650.6,35612.235408519366
2023-11-01,35423.79999999999,35743.730847722385
2023-11-02,34931.40000000002,36035.05949893758
2023-11-03,34718.7,36402.11048700067
2023-11-04,35065.8,36698.81208987179
2023-11-05,35019.39999999998,36962.888846397
2023-11-06,35041.999999999985,37100.2942952717
2023-11-07,35426.10000000002,37042.72577349013
2023-11-08,35636.90000000001,37331.032449166385
2023-11-09,36700.49999999999,37330.05166670625
2023-11-10,37302.99999999999,37359.99672938085
2023-11-11,37150.49999999999,37368.23839391905
2023-11-12,37064.4,37468.99871720314
2023-11-13,36478.30000000003,37575.19770913629
2023-11-14,35549.3,37425.10021496137
2023-11-15,37874.9,37526.227814949394
2023-11-16,36161.19999999998,37628.23525095101
2023-11-17,36595.40000000002,37810.87449366654
2023-11-18,36568.59999999999,37929.71927789346
2023-11-19,37354.2,38033.072941321734
2023-11-20,37454.09999999998,38070.74360153479
2023-11-21,35813.6,38186.11952774128
2023-11-22,37410.800000000025,38276.89150674517
2023-11-23,37293.1,38334.87243396186
2023-11-24,37717.29999999997,38577.87398769751
2023-11-25,37787.00000000002,38881.016855872425
2023-11-26,37451.80000000001,39251.26941600232
2023-11-27,37248.59999999999,39900.26838686652
2023-11-28,37823.30000000002,40837.54489719972
2023-11-29,37855.49999999999,41670.80028304961
2023-11-30,37712.89999999998,42334.139617661924
2023-12-01,38688.19999999997,43015.1006907903
2023-12-02,39458.4,43527.661929782014
2023-12-03,39970.19999999999,43955.62384886003
2023-12-04,41987.80000000004,43877.43546725985
2023-12-05,44076.20000000001,43745.74302416065
2023-12-06,43776.29999999999,43789.07768602183
2023-12-07,43289.69999999998,43797.78338118048
2023-12-08,44175.49999999999,43593.08639372497
2023-12-09,43718.39999999998,43470.604271927354
2023-12-10,43791.0,43241.981573552934
2023-12-11,41256.1,43213.67627188826
2023-12-12,41486.99999999998,43167.08392813503
2023-12-13,42884.500000000015,43353.40790396313
2023-12-14,43025.90000000001,43643.58894376378
2023-12-15,41928.99999999999,43917.47332552289
2023-12-16,42271.69999999998,44088.61904386054
2023-12-17,41368.70000000001,44122.218566466756
2023-12-18,42659.70000000002,44254.10872228562
2023-12-19,42259.29999999999,44190.597120244434
2023-12-20,43662.80000000004,44273.91044194454
2023-12-21,43865.89999999997,44178.054061584764
2023-12-22,43968.90000000003,44007.60355813814
2023-12-23,43710.4,43815.86107741819
2023-12-24,42981.49999999996,43663.065779595265
2023-12-25,43578.49999999996,43831.963622268595
2023-12-26,42513.29999999998,44150.29699875238
2023-12-27,43446.50000000004,44158.18796858056
2023-12-28,42581.10000000003,44332.30012994666
2023-12-29,42072.39999999998,44524.8799219566
2023-12-30,42136.69999999996,44644.13976924866
2023-12-31,42272.50000000004,44760.040564722985
2024-01-01,44183.399999999965,45331.813922281
2024-01-02,44943.69999999996,45745.41336585908
2024-01-03,42836.09999999999,46177.879917292594
2024-01-04,44156.99999999997,46468.93927810945
2024-01-05,44156.900000000016,46163.26302852773
2024-01-06,43967.9,45875.323088837926
2024-01-07,43927.30000000003,45373.00001219362
2024-01-08,46962.20000000003,45005.98155885058
2024-01-09,46128.99999999996,44778.05659359245
2024-01-10,46629.30000000002,44532.90541019034
2024-01-11,46348.19999999996,44025.88251110762
2024-01-12,42835.90000000001,43657.77564890589
2024-01-13,42851.29999999999,43349.951065297195
2024-01-14,41746.09999999998,43095.423230599125
2024-01-15,42510.70000000002,42663.66923638382
2024-01-16,43145.49999999999,42303.616407306974
2024-01-17,42768.700000000026,42040.06473798636
2024-01-18,41292.69999999999,41768.913776374655
2024-01-19,41647.99999999998,41819.983395427655
2024-01-20,41695.40000000001,41975.272003477585
2024-01-21,41583.200000000026,42169.52590019457
2024-01-22,39556.39999999997,42544.88507848535
2024-01-23,39888.80000000003,42851.15953214468
2024-01-24,40085.99999999998,43074.17604999972
2024-01-25,39935.69999999999,43387.50227670413
2024-01-26,41811.3,43660.34008813051
2024-01-27,42120.90000000001,43852.27661915068
2024-01-28,42030.7,43938.16124051285
2024-01-29,43299.8,43960.13048373582
2024-01-30,42946.2,44022.96951921848
2024-01-31,42580.49999999997,44276.885096102014
2024-02-01,43081.40000000003,44639.729109468535
2024-02-02,43194.699999999975,45281.146122695325
2024-02-03,43005.69999999996,45993.4709596021
2024-02-04,42581.4,46710.093299689004
2024-02-05,42697.19999999996,47603.03067754396
2024-02-06,43087.70000000001,48378.80157532704
2024-02-07,44339.8,49368.81448816345
2024-02-08,45293.30000000002,50258.85378117874
2024-02-09,47127.5,51044.049937252516
2024-02-10,47758.2,51599.73948408872
2024-02-11,48277.29999999997,52091.18657398024
2024-02-12,49941.3,52399.90868050126
2024-02-13,49715.99999999997,52696.26649845395
2024-02-14,51782.39999999999,52864.1508820724
2024-02-15,51901.29999999998,52867.833064377744
2024-02-16,52134.20000000004,52764.18672490583
2024-02-17,51646.00000000003,52723.27517045733
2024-02-18,52117.49999999999,52715.33705737519
2024-02-19,51783.59999999998,53126.41690724605
2024-02-20,52263.49999999996,53938.772552615286
2024-02-21,51858.20000000002,55511.27014036537
2024-02-22,51320.4,56828.6450218008
2024-02-23,50740.500000000015,58165.524464835726
2024-02-24,51571.59999999996,59292.98646099866
2024-02-25,51722.700000000026,60417.58274221403
2024-02-26,54495.09999999998,62113.115626257
2024-02-27,57056.200000000026,62976.92682930478
2024-02-28,62467.59999999995,63939.765600839615
2024-02-29,61169.3,64782.31037053683
2024-03-01,62397.700000000026,65613.87195565032
2024-03-02,61994.49999999998,66248.12054380201
2024-03-03,63135.8,66909.34554421072
2024-03-04,68270.09999999999,67881.74370675291
2024-03-05,63792.60000000004,68686.86630168481
2024-03-06,66080.4,69565.59845727097
2024-03-07,66855.30000000006,70004.85142673762
2024-03-08,68172.00000000004,70182.78318489493
2024-03-09,68366.49999999997,69639.518784188
2024-03-10,68964.79999999994,69440.83367306304
2024-03-11,72099.09999999996,69123.31696398226
2024-03-12,71470.2,68056.4475964762
2024-03-13,73066.30000000002,67807.66562227331
2024-03-14,71387.50000000006,67274.40094044151
2024-03-15,69463.69999999994,66601.72796344782
2024-03-16,65314.199999999975,66010.32005835959
2024-03-17,68391.19999999994,65998.84656386977
2024-03-18,67594.1,66494.12886066167
2024-03-19,62049.99999999996,67120.0430399947
2024-03-20,67854.0,67565.9462867171
2024-03-21,65503.80000000002,68167.78880623089
2024-03-22,63785.49999999998,68701.5618886005
2024-03-23,64037.8,68975.01457247342
2024-03-24,67211.89999999997,69476.31098676819
2024-03-25,69892.00000000006,69718.32268702835
2024-03-26,69999.30000000006,69289.09418503415
2024-03-27,69442.39999999994,68802.42570852031
2024-03-28,70762.10000000002,68632.0730936732
2024-03-29,69871.70000000003,68429.1110234132
2024-03-30,69611.50000000006,68421.44168832492
2024-03-31,71332.00000000001,68486.28859456828
2024-04-01,69664.40000000001,68915.75957795467
2024-04-02,65439.199999999946,69019.97261744164
2024-04-03,65962.99999999997,69263.3618883922
2024-04-04,68496.5,69451.91370011278
2024-04-05,67830.59999999999,69297.91682424715
2024-04-06,68890.6,68614.51062595099
2024-04-07,69360.40000000002,68115.09215545726
2024-04-08,71630.09999999999,67366.03206126063
2024-04-09,69148.00000000006,66698.94240807474
2024-04-10,70622.09999999999,65753.76943081668
2024-04-11,70011.60000000002,65163.85581590397
2024-04-12,67151.89999999997,64804.016401153494
2024-04-13,63849.89999999999,64674.96028996156
2024-04-14,65697.4,64643.166986651675
2024-04-15,63411.900000000045,64994.559612732206
2024-04-16,63805.30000000005,65370.83327967749
2024-04-17,61278.89999999995,65374.71279808371
2024-04-18,63481.40000000003,65420.411734863636
2024-04-19,63799.099999999984,65325.50258249557
2024-04-20,64961.09999999997,65217.4774032993
2024-04-21,64940.199999999975,64991.48809256703
2024-04-22,66829.30000000003,64874.39692045636
2024-04-23,66414.99999999996,64304.73804900276
2024-04-24,64285.69999999998,63426.88965263561
2024-04-25,64497.1,62676.240648152525
2024-04-26,63766.4,62575.913804559896
2024-04-27,63456.80000000006,62764.1155847373
2024-04-28,63109.69999999997,63009.39554736369
2024-04-29,63860.09999999996,63166.93270033623
2024-04-30,60666.60000000004,63204.0219560579
2024-05-01,58331.19999999996,63075.260130262526
2024-05-02,59121.3,63184.863478666055
2024-05-03,62877.50000000003,63047.10908504507
2024-05-04,63888.30000000005,62930.07667132573
2024-05-05,64006.400000000016,62866.51110172788
2024-05-06,63163.09999999995,62933.48878740892
2024-05-07,62317.7,62814.059407034205
2024-05-08,61207.49999999999,63376.527776480754
2024-05-09,63075.00000000005,63840.199014174126
2024-05-10,60796.90000000002,64538.994086044375
2024-05-11,60826.59999999996,65193.22181249631
2024-05-12,61480.00000000004,65637.42637980531
2024-05-13,62937.19999999996,66771.05678111066
2024-05-14,61569.39999999995,67641.49229739203
2024-05-15,66225.09999999996,68230.83501330775
2024-05-16,65231.0,68505.66472911516
2024-05-17,67036.80000000002,68788.11057326141
2024-05-18,66917.50000000001,68999.68425063422
2024-05-19,66279.10000000002,69093.19411558725
2024-05-20,71422.70000000006,69233.29901645474
2024-05-21,70139.90000000005,69216.6555459107
2024-05-22,69155.39999999997,69089.90547363636
2024-05-23,67975.70000000006,68947.13563916706
2024-05-24,68547.60000000002,68754.56911823511
2024-05-25,69284.40000000004,68631.91451734274
2024-05-26,68514.80000000002,68552.72599435625
2024-05-27,69428.69999999997,68616.185185333
2024-05-28,68366.0,68921.02468939699
2024-05-29,67635.79999999999,69325.7141597273
2024-05-30,68354.69999999997,69653.85503987016
2024-05-31,67530.1,69774.3256483534
2024-06-01,67760.8,69856.97657957539
2024-06-02,67773.50000000006,69935.29224911703
2024-06-03,68807.8,69993.97843734508
2024-06-04,70549.19999999995,69719.21549480506
2024-06-05,71083.70000000004,69554.29926292547
2024-06-06,70791.50000000003,69177.11233608829
2024-06-07,69347.89999999998,68684.09165473185
2024-06-08,69310.10000000006,68253.09500077041
2024-06-09,69650.60000000003,67958.30531629272
2024-06-10,69538.19999999998,67728.51257520945
2024-06-11,67319.79999999996,67357.64112269209
2024-06-12,68260.1,66995.15824831663
2024-06-13,66773.09999999998,66669.59425548707
2024-06-14,66034.80000000003,66338.77711037415
2024-06-15,66222.99999999997,66041.14806367703
2024-06-16,66674.7,65673.75189465689
2024-06-17,66498.79999999994,64947.35538942329
2024-06-18,65159.90000000005,64467.660940291695
2024-06-19,64980.900000000016,63919.12886078835
2024-06-20,64854.29999999995,63564.529371117664
2024-06-21,64128.49999999998,63130.07062821531
2024-06-22,64261.00000000004,62837.293245614535
2024-06-23,63196.19999999997,62862.705547439225
2024-06-24,60292.70000000002,62977.765277792816
2024-06-25,61809.39999999997,63000.86317503995
2024-06-26,60849.39999999998,62784.538638614424
2024-06-27,61685.30000000004,62169.09359106279
2024-06-28,60403.29999999998,61456.57778280045
2024-06-29,60973.40000000003,61046.47856106915
2024-06-30,62754.30000000003,60336.127449432126
2024-07-01,62890.09999999996,59839.56673382211
2024-07-02,62103.29999999997,59595.00744944303
2024-07-03,60199.30000000001,59353.55649249008
2024-07-04,57026.30000000003,59121.46835308409
2024-07-05,56641.79999999997,59049.165550665544
2024-07-06,58259.200000000026,59256.086838653
2024-07-07,55861.100000000006,59777.601429916554
2024-07-08,56724.700000000026,60858.537966877455
2024-07-09,58039.40000000001,61889.880622988945
2024-07-10,57746.699999999946,62739.824294989725
2024-07-11,57337.29999999995,63420.03688511942
2024-07-12,57885.1,64332.95233673684
2024-07-13,59209.79999999999,65218.04872660067
2024-07-14,60794.9,66129.63094858658
2024-07-15,64782.40000000005,66814.99395479755
2024-07-16,65049.699999999975,67116.65411387064
2024-07-17,64089.19999999999,67196.4600260089
2024-07-18,63980.50000000003,67187.92907710178
2024-07-19,66677.39999999994,67452.7276105819
2024-07-20,67148.50000000001,67720.02009558241
2024-07-21,68158.70000000004,68015.40151158223
2024-07-22,67553.60000000006,68023.44292282492
2024-07-23,65937.79999999997,67915.36084489882
2024-07-24,65370.49999999997,67564.42515468196
2024-07-25,65799.30000000002,67338.40106094684
2024-07-26,67908.6,66626.70314183804
2024-07-27,67843.10000000005,65826.46821887311
2024-07-28,68256.30000000003,64705.72599497718
2024-07-29,66798.70000000006,63029.01702000153
2024-07-30,66184.89999999998,61777.84906358906
2024-07-31,64625.99999999999,60567.01624383579
2024-08-01,65372.900000000045,60528.13201323326
2024-08-02,61478.69999999996,60549.92687341318
2024-08-03,60696.69999999997,60704.53451161638
2024-08-04,58141.79999999998,60575.53303542877
2024-08-05,53979.00000000001,60646.330284559976
2024-08-06,56057.79999999996,60914.60533718378
2024-08-07,55120.900000000045,60955.54345876313
2024-08-08,61699.70000000001,60869.13991527152
2024-08-09,60850.60000000004,60876.13154440335
2024-08-10,60931.70000000002,60976.1840692079
2024-08-11,58713.30000000005,60772.334323891046
2024-08-12,59349.99999999998,60765.59881438348
2024-08-13,60595.19999999997,60720.65650487975
2024-08-14,58707.79999999996,61046.436137941855
2024-08-15,57534.59999999999,61246.226204832405
2024-08-16,58877.19999999999,61930.025475634815
2024-08-17,59483.09999999995,62656.101258949755
2024-08-18,58446.3,63353.1451085045
2024-08-19,59470.89999999997,63727.47368456864
2024-08-20,59005.79999999997,63520.20256037729
2024-08-21,61158.10000000004,63202.31345787109
2024-08-22,60372.199999999975,62884.17051655795
2024-08-23,64053.09999999996,62548.68455227994
2024-08-24,64159.29999999996,62164.46596856021
2024-08-25,64273.2,61601.37085418054
2024-08-26,62846.20000000002,61271.2167545773
2024-08-27,59450.89999999997,60793.151105348996
2024-08-28,59015.99999999995,60456.468624581714
2024-08-29,59373.49999999999,59966.75874749978
2024-08-30,59119.699999999975,59279.858930977025
2024-08-31,58978.60000000003,58667.57597615846
2024-09-01,57315.69999999996,58217.00566307014
2024-09-02,59133.99999999997,58168.42311162008
2024-09-03,57479.80000000001,58277.42669112465
2024-09-04,57973.39999999997,58420.06554144969
2024-09-05,56183.19999999996,58647.07750881049
2024-09-06,53966.80000000003,59267.07212229212
2024-09-07,54156.49999999996,59783.062465351104
2024-09-08,54861.30000000003,60165.029918203545
2024-09-09,57049.60000000004,60387.38899866043
2024-09-10,57635.00000000005,60826.316616486874
2024-09-11,57338.70000000001,61401.04559761874
2024-09-12,58134.500000000015,62041.30866622637
2024-09-13,60511.59999999995,62650.97942159117
2024-09-14,59995.40000000001,63218.06980107832
2024-09-15,59138.50000000005,63720.04204034632
2024-09-16,58213.10000000001,64064.441735917804
2024-09-17,60309.09999999997,64493.72906745499
2024-09-18,61757.60000000002,64728.39881938697
2024-09-19,62938.60000000005,65196.15761907738
2024-09-20,63201.199999999946,65648.70170890611
2024-09-21,63348.10000000004,66032.35073111669
2024-09-22,63572.70000000003,66309.05845992353
2024-09-23,63331.79999999995,66219.42943326832
2024-09-24,64256.8,65732.47474144617
2024-09-25,63156.50000000004,65197.633054432226
2024-09-26,65175.69999999997,64709.49705908606
2024-09-27,65776.30000000002,64435.27679324715
2024-09-28,65866.50000000003,64243.25968278971
2024-09-29,65607.1,64159.19124681174
2024-09-30,63339.19999999996,64039.03765946577
2024-10-01,60835.500000000015,63946.16757935737
2024-10-02,60645.70000000002,63676.896487878184
2024-10-03,60751.19999999999,63432.49733677758
2024-10-04,62080.99999999997,63568.35641303618
2024-10-05,62061.39999999995,63817.34108277527
2024-10-06,62819.40000000003,64006.790996512325
2024-10-07,62245.59999999997,64607.12766060236
2024-10-08,62156.99999999999,65337.5573069917
2024-10-09,60628.79999999998,66079.71484781202
2024-10-10,60316.199999999946,66737.23360518109
2024-10-11,62499.40000000003,67446.11218431746
2024-10-12,63205.10000000004,68086.48014429102
2024-10-13,62870.9,68713.90023227155
2024-10-14,66081.7,68963.58048089758
2024-10-15,67077.50000000001,69117.78412824663
2024-10-16,67617.90000000001,69114.35125851138
2024-10-17,67418.40000000002,69210.43069927963
2024-10-18,68423.09999999999,69077.64619514115
2024-10-19,68371.99999999996,68984.23100962986
2024-10-20,69030.49999999996,69034.60108197104
2024-10-21,67371.29999999996,69348.4905339068
2024-10-22,67427.29999999997,70057.53666148774
2024-10-23,66663.70000000001,70689.62154656656
2024-10-24,68191.49999999996,71018.96522641588
2024-10-25,66696.79999999999,71157.67613861126
2024-10-26,67086.8,71222.99502673454
2024-10-27,68004.60000000002,71133.06724525605
2024-10-28,69954.10000000003,70922.35014582047
2024-10-29,72730.40000000005,70893.40240621296
2024-10-30,72347.79999999994,71708.73980573648
2024-10-31,70281.80000000003,72538.22589504474
2024-11-01,69507.20000000004,73359.52879042049
2024-11-02,69325.79999999994,74159.04584731055
2024-11-03,68769.6,75403.66724172907
2024-11-04,67848.79999999997,77642.44634675313
2024-11-05,69373.70000000003,79639.57241785203
2024-11-06,75586.3,81708.28506810786
2024-11-07,75868.59999999999,83122.66108287865
2024-11-08,76517.30000000005,84671.15388858983
2024-11-09,76700.29999999994,85804.7390607736
2024-11-10,80388.49999999996,86637.75556262773
2024-11-11,88664.1,87344.60865065838
2024-11-12,87941.30000000003,88111.93576682638
2024-11-13,90422.19999999995,88934.85606506912
2024-11-14,87293.99999999994,90010.29372414027
2024-11-15,91046.50000000007,91106.85826265957
2024-11-16,90539.09999999996,91903.41956155641
2024-11-17,89833.69999999995,92651.10751224121
2024-11-18,90478.69999999995,92618.02343005536
2024-11-19,92239.2,92337.45406283635
2024-11-20,94303.89999999992,92473.50039519624
2024-11-21,98374.50000000006,92568.477837253
2024-11-22,98929.70000000008,92832.61578121326
2024-11-23,97699.00000000007,92936.00095248876
2024-11-24,97935.20000000008,93057.96672362776
2024-11-25,93064.40000000004,93028.27733450195
2024-11-26,91977.60000000006,93022.1301206067
2024-11-27,95886.60000000003,93333.34907130906
2024-11-28,95645.50000000004,93536.61305088247
2024-11-29,97438.0,94031.9055946738
2024-11-30,96405.70000000006,94434.37577048088
2024-12-01,97201.4,94954.25225768855
2024-12-02,95846.59999999996,94961.6339139619
2024-12-03,95898.7,94827.63177247457
2024-12-04,98635.79999999994,95175.70053162689
2024-12-05,96970.80000000006,95428.90104937628
2024-12-06,99760.69999999992,95807.41714448827
2024-12-07,99836.99999999996,96106.21159484034
2024-12-08,101115.8,96751.8470427049
2024-12-09,97359.3999999999,97505.39950008127
2024-12-10,96600.3,98215.56362260813
2024-12-11,101126.19999999994,98148.89573569897
2024-12-12,100009.89999999992,97712.16439595768
2024-12-13,101426.19999999992,97247.80703191276
2024-12-14,101417.70000000004,96645.98983329942
2024-12-15,104443.0,95870.22917022924
2024-12-16,106057.6000000001,95085.20274769905
2024-12-17,106138.90000000008,94848.03049999794
2024-12-18,100197.80000000005,94772.75071480704
2024-12-19,97466.09999999998,94342.31947676107
2024-12-20,97795.7,93780.7972967251
2024-12-21,97253.30000000008,93498.409994876
2024-12-22,95183.8,93123.56931485777
2024-12-23,94852.10000000003,92653.85141952019
2024-12-24,98668.10000000003,92323.84580698593
2024-12-25,99391.3,92205.75774618635
2024-12-26,95777.69999999995,92427.66967262271
2024-12-27,94275.90000000004,92766.58496592112
2024-12-28,95284.49999999996,93125.82508288012
2024-12-29,93716.29999999996,93553.34302323344
2024-12-30,92779.8,94418.24704975715
2024-12-31,93557.19999999994,94592.51900423433
2025-01-01,94560.19999999995,94461.12949963275
2025-01-02,96960.00000000004,93967.76449871132
2025-01-03,98167.49999999996,93682.76737235232
2025-01-04,98219.89999999997,93395.89853434183
2025-01-05,98347.69999999995,93095.03892837396
2025-01-06,102248.69999999998,92826.7892300252
2025-01-07,96929.79999999996,92855.37067847475
2025-01-08,95066.6,93413.13398774194
2025-01-09,92539.79999999996,93889.44560414288
2025-01-10,94724.10000000002,94922.90166599985
2025-01-11,94611.99999999993,95988.73956889554
2025-01-12,94541.80000000006,96609.18358035188
2025-01-13,94536.09999999996,97126.38293676563
2025-01-14,96542.09999999996,97991.51971912978
2025-01-15,100499.80000000005,98491.40653720753
2025-01-16,100004.5,98892.00131623045
2025-01-17,104084.90000000002,99267.78569036303
2025-01-18,104536.89999999997,99508.48505991633
2025-01-19,101319.50000000004,99475.99952527946
2025-01-20,102197.70000000008,99264.26982318501
2025-01-21,106157.2,98961.1030090551
2025-01-22,103684.8,98996.3638671389
2025-01-23,103912.10000000003,99156.76648609001
2025-01-24,104862.30000000008,99008.70228109954
2025-01-25,104742.9,98701.13581372511
2025-01-26,102637.80000000006,98047.0559244455
2025-01-27,102091.69999999995,97818.40423312975
2025-01-28,101349.30000000006,97262.65488088247
2025-01-29,103722.0,96634.09057223727
2025-01-30,104726.89999999992,96060.9733668797
2025-01-31,102424.19999999992,95564.60976007748
2025-02-01,100647.99999999993,95105.02227022749
2025-02-02,97684.90000000008,94717.03220322635
2025-02-03,101337.10000000008,94566.73932206277
2025-02-04,97793.4,94316.05757962135
2025-02-05,96595.30000000005,94392.05200259868
2025-02-06,96568.80000000002,94288.96331869335
2025-02-07,96513.50000000006,94371.83597641347
2025-02-08,96447.9,94489.09296552185
2025-02-09,96469.20000000008,94424.7826804539
2025-02-10,97434.69999999992,94303.63238113964
2025-02-11,95771.69999999992,94161.3865455646
2025-02-12,97881.29999999996,94146.96385893697
2025-02-13,96610.19999999992,94333.27821900786
2025-02-14,97504.60000000003,94309.78410864275
2025-02-15,97573.4,94278.73884213893
2025-02-16,96132.09999999996,94241.11648308983
2025-02-17,95781.3,93625.12440244581
2025-02-18,95638.0,92656.46368532484
2025-02-19,96644.79999999992,91198.73226851663
2025-02-20,98310.29999999994,89874.78628247218
2025-02-21,96155.6,88657.0040942246
2025-02-22,96556.09999999996,87797.77440934925
2025-02-23,96258.8,88119.21495876263
2025-02-24,91508.49999999994,87666.31796419533
2025-02-25,88685.99999999994,87371.29181215871
2025-02-26,84212.70000000001,87574.41748504862
2025-02-27,84714.59999999995,87844.81408893726
2025-02-28,84381.20000000003,87728.358528827
2025-03-01,86071.59999999996,87596.78735074545
2025-03-02,94265.10000000003,86730.09343188783
2025-03-03,86209.70000000003,85569.9847734989
2025-03-04,87266.30000000005,84979.19180153827
2025-03-05,90611.7,84469.52596108514
2025-03-06,89930.90000000005,83924.9126552549
2025-03-07,86531.19999999998,83789.25719690541
2025-03-08,86221.90000000005,83735.89555620965
2025-03-09,80691.60000000002,83553.30224472788
2025-03-10,78575.90000000005,83651.17949499286
2025-03-11,82921.09999999996,83613.36427675691
2025-03-12,83664.30000000002,84199.49458194574
2025-03-13,81100.20000000007,84464.60577880917
2025-03-14,83977.1,84559.63817345312
2025-03-15,84341.3,84583.51344597881
2025-03-16,82578.39999999998,84922.0021945561
2025-03-17,84019.1,85364.58672583892
2025-03-18,82719.09999999998,85773.30652630681
2025-03-19,86840.99999999994,86110.44687998267
2025-03-20,84208.10000000002,86404.62479991392
2025-03-21,84073.30000000008,86322.9544669601
2025-03-22,83840.49999999994,85885.97246908909
2025-03-23,86077.40000000001,85456.34428686163
